{"cameraMode":{"drawMode":0,"name":"Shaded","section":"Shading Mode"},"sceneLighting":false,"audioPlay":false,"sceneViewState":{"showFog":true,"showMaterialUpdate":false,"showSkybox":false,"showFlares":true,"showImageEffects":true,"showParticleSystems":true},"in2DMode":false,"pivot":{"x":-0.8022878766059876,"y":0.19552306830883027,"z":0.8538936376571655},"rotation":{"x":0.17656292021274568,"y":-0.8057835102081299,"z":0.29378440976142886,"w":0.4831807315349579},"size":2.221221446990967,"orthographic":false}