{"cameraMode":{"drawMode":0,"name":"Shaded","section":"Shading Mode"},"sceneLighting":true,"audioPlay":false,"sceneViewState":{"showFog":true,"showMaterialUpdate":false,"showSkybox":true,"showFlares":true,"showImageEffects":true,"showParticleSystems":true},"in2DMode":false,"pivot":{"x":112.23748016357422,"y":-6.2586822509765629,"z":338.09356689453127},"rotation":{"x":0.04386060684919357,"y":-0.9438850283622742,"z":0.2940850853919983,"w":0.14584727585315705},"size":64.46725463867188,"orthographic":false}