{"cameraMode":{"drawMode":0,"name":"Shaded","section":"Shading Mode"},"sceneLighting":true,"audioPlay":false,"sceneViewState":{"showFog":true,"showMaterialUpdate":false,"showSkybox":true,"showFlares":true,"showImageEffects":true,"showParticleSystems":true},"in2DMode":false,"pivot":{"x":52.54777908325195,"y":27.017314910888673,"z":472.0450744628906},"rotation":{"x":-0.017198512330651284,"y":-0.980603814125061,"z":0.10674252361059189,"w":-0.16450582444667817},"size":23.06752586364746,"orthographic":false}