{"cameraMode":{"drawMode":0,"name":"Shaded","section":"Shading Mode"},"sceneLighting":false,"audioPlay":false,"sceneViewState":{"showFog":true,"showMaterialUpdate":false,"showSkybox":false,"showFlares":true,"showImageEffects":true,"showParticleSystems":true},"in2DMode":false,"pivot":{"x":-1.846000075340271,"y":1.359361171722412,"z":5.368000030517578},"rotation":{"x":0.07997515052556992,"y":0.1695697009563446,"z":-0.014216273091733456,"w":0.9822673201560974},"size":11.232383728027344,"orthographic":false}