{"cameraMode":{"drawMode":0,"name":"Shaded","section":"Shading Mode"},"sceneLighting":true,"audioPlay":false,"sceneViewState":{"showFog":true,"showMaterialUpdate":false,"showSkybox":true,"showFlares":true,"showImageEffects":true,"showParticleSystems":true},"in2DMode":false,"pivot":{"x":123.0965805053711,"y":25.372772216796876,"z":81.95135498046875},"rotation":{"x":0.08803293108940125,"y":0.6841881275177002,"z":-0.08375725150108338,"w":0.719136118888855},"size":30.72750473022461,"orthographic":false}