{"cameraMode":{"drawMode":0,"name":"Shaded","section":"Shading Mode"},"sceneLighting":false,"audioPlay":false,"sceneViewState":{"showFog":true,"showMaterialUpdate":false,"showSkybox":false,"showFlares":true,"showImageEffects":true,"showParticleSystems":true},"in2DMode":false,"pivot":{"x":153.37326049804688,"y":27.426799774169923,"z":370.7872314453125},"rotation":{"x":-0.013220235705375672,"y":0.13366056978702546,"z":0.000699601776432246,"w":0.9912844896316528},"size":19.0159969329834,"orthographic":false}